{
  "validation": {
    "exchange_rate_volatility": {
      "actual_annual": 0.044022820972843,
      "model_annual": 0.17320508075688773,
      "match": "False",
      "status": "\u26a0"
    },
    "pass_through": {
      "model": 0.45,
      "literature_range": [
        0.3,
        0.6
      ],
      "status": "\u2713"
    },
    "import_shares": {
      "range_check": true,
      "status": "\u2713"
    }
  },
  "sample_irf": {
    "exchange_rate": [
      5.1775,
      5.0920000000000005,
      5.023600000000001,
      4.968880000000001,
      4.925104000000001,
      4.890083200000001,
      4.8620665600000015,
      4.839653248000001,
      4.821722598400001,
      4.807378078720001,
      4.795902462976001,
      4.7867219703808015,
      4.7793775763046416,
      4.773502061043714,
      4.768801648834971,
      4.7650413190679775,
      4.762033055254382,
      4.759626444203506,
      4.757701155362805,
      4.756160924290245
    ],
    "aggregate": [
      -1.0561789800316346,
      -0.850684267623838,
      -0.6842856162380828,
      -0.5498545749939887,
      -0.44145395956940225,
      -0.35417733755364944,
      -0.2839957065177834,
      -0.2276174902494077,
      -0.1823646606043683,
      -0.14606561470564383,
      -0.11696411811128016,
      -0.09364290984625878,
      -0.07496025139475782,
      -0.05999763823107296,
      -0.04801697398219451,
      -0.03842566388974289,
      -0.030748271542673233,
      -0.024603574298791564,
      -0.019686033594803476,
      -0.015750859173018217
    ],
    "by_quintile": {
      "Q1": [
        -0.8624155585444271,
        -0.6943339456862985,
        -0.5583318770184476,
        -0.4485240485785469,
        -0.36002185880896764,
        -0.28879401694842377,
        -0.23153575199295062,
        -0.18555078963168326,
        -0.1486477846575407,
        -0.11905129698652761,
        -0.0953264550018762,
        -0.07631596134652918,
        -0.061087906296874994,
        -0.04889284722591203,
        -0.039128709620950275,
        -0.03131221312383525,
        -0.025055692212949676,
        -0.020048346046219745,
        -0.016041105112796217,
        -0.012834438811515358
      ],
      "Q2": [
        -1.095044211333429,
        -0.8820275082189633,
        -0.7095237986935232,
        -0.5701513529369096,
        -0.4577601739331194,
        -0.36726675491222105,
        -0.2944959034533956,
        -0.23603610493397875,
        -0.18911142321657026,
        -0.15147065222574918,
        -0.12129304517687345,
        -0.0971091935824897,
        -0.07773529341514873,
        -0.06221896357220258,
        -0.04979486203932071,
        -0.03984850467159129,
        -0.031886883867526805,
        -0.02551468171200222,
        -0.020415058834188926,
        -0.01633416856043901
      ],
      "Q3": [
        -1.2495244065691358,
        -1.0067628771760484,
        -0.8100632568509125,
        -0.6510712474242175,
        -0.5228125948030904,
        -0.4195133294723097,
        -0.3364252098808418,
        -0.26966461908695116,
        -0.21606896780460572,
        -0.17307186638872984,
        -0.13859660762416404,
        -0.11096654142090934,
        -0.0888304706706089,
        -0.0711010671757828,
        -0.05690436583770664,
        -0.045538555848456674,
        -0.03644049302894414,
        -0.029158573425536183,
        -0.023330815381961134,
        -0.018667185621978888
      ],
      "Q4": [
        -1.095044211333429,
        -0.8820275082189633,
        -0.7095237986935232,
        -0.5701513529369096,
        -0.4577601739331194,
        -0.36726675491222105,
        -0.2944959034533956,
        -0.23603610493397875,
        -0.18911142321657026,
        -0.15147065222574918,
        -0.12129304517687345,
        -0.0971091935824897,
        -0.07773529341514873,
        -0.06221896357220258,
        -0.04979486203932071,
        -0.03984850467159129,
        -0.031886883867526805,
        -0.02551468171200222,
        -0.020415058834188926,
        -0.01633416856043901
      ],
      "Q5": [
        -0.9788665123777518,
        -0.7882694988189165,
        -0.6339853499340076,
        -0.50937487309336,
        -0.4089149963687144,
        -0.32804583152307165,
        -0.2630257638083333,
        -0.21079983266044655,
        -0.1688837041265545,
        -0.13526360570146334,
        -0.10831143757661366,
        -0.08671365929887598,
        -0.06941229317600772,
        -0.05555634960926481,
        -0.04446207037367422,
        -0.03558054113323994,
        -0.028471404736418737,
        -0.022781588598197455,
        -0.018228129810882177,
        -0.014584334310718816
      ]
    }
  },
  "policy_comparison": {
    "passive": {
      "description": "Let Ringgit adjust fully",
      "irf": {
        "exchange_rate": [
          4.77375,
          4.7701875,
          4.767159375,
          4.764585468750001,
          4.762397648437501,
          4.760538001171876,
          4.758957300996095,
          4.757613705846682,
          4.756471649969679,
          4.755500902474227,
          4.754675767103094,
          4.75397440203763,
          4.753378241731986,
          4.752871505472188,
          4.75244077965136,
          4.752074662703657,
          4.751763463298109,
          4.7514989438033925,
          4.751274102232884,
          4.751082986897951
        ],
        "aggregate": [
          -0.06062933728354869,
          -0.0515502843182869,
          -0.04382883900695633,
          -0.0372625363162471,
          -0.03167895588191749,
          -0.02693130502513963,
          -0.022894639610142598,
          -0.019462633849836042,
          -0.016544821646189423,
          -0.01406424231308323,
          -0.011955432620487372,
          -0.010162715093702257,
          -0.008638739493442849,
          -0.007343240487456271,
          -0.006241979800281072,
          -0.005305845687024746,
          -0.004510086507489852,
          -0.0038336585563092385,
          -0.003258671206967101,
          -0.002769914914260152
        ],
        "by_quintile": {
          "Q1": [
            -0.04940768950487673,
            -0.0420082781618647,
            -0.03571552656490562,
            -0.030364335677079968,
            -0.025814122547362928,
            -0.02194521156203555,
            -0.018655748096296776,
            -0.015859061398926233,
            -0.013481413099236672,
            -0.011460076231395444,
            -0.00974169718604978,
            -0.00828089959040712,
            -0.007039094871252871,
            -0.005983469254644547,
            -0.005086121283881528,
            -0.0043233276744159,
            -0.0036749185416407038,
            -0.003123745803024214,
            -0.0026552309285277076,
            -0.0022569802454852628
          ],
          "Q2": [
            -0.06287404174855071,
            -0.053458956609508945,
            -0.04545169745174826,
            -0.038642318093617956,
            -0.0328520249342934,
            -0.027928597718096526,
            -0.02374247139463881,
            -0.02018338699070199,
            -0.01715753128692654,
            -0.01458509571364841,
            -0.012398194292828624,
            -0.010539088733796387,
            -0.008958676033510304,
            -0.00761520023685458,
            -0.006473155479691517,
            -0.005502352162500834,
            -0.004677122176499626,
            -0.003975642606834917,
            -0.0033793603463561084,
            -0.002872502631023899
          ],