{
  "aggregate": {
    "nominal_consumption": [
      1.3591256141662598,
      1.3625648021697998,
      1.3636300563812256,
      1.3625518083572388,
      1.3638213872909546,
      1.364120602607727,
      1.3630380630493164,
      1.3634248971939087,
      1.3633276224136353,
      1.3640238046646118,
      1.362296223640442,
      1.3635993003845215,
      1.3622874021530151,
      1.363991379737854,
      1.363174557685852,
      1.3634589910507202,
      1.363126516342163,
      1.3639836311340332,
      1.3633087873458862,
      1.3628512620925903
    ],
    "real_consumption": [
      1.3536876440048218,
      1.3581929206848145,
      1.3601230382919312,
      1.3597439527511597,
      1.3615704774856567,
      1.3623173236846924,
      1.3615955114364624,
      1.3622698783874512,
      1.362403154373169,
      1.363283395767212,
      1.3617045879364014,
      1.3631254434585571,
      1.3619085550308228,
      1.3636878728866577,
      1.3629318475723267,
      1.3632649183273315,
      1.3629711866378784,
      1.3638592958450317,
      1.3632094860076904,
      1.3627716302871704
    ],
    "cpi": [
      1.0040170956953143,
      1.0032188771725237,
      1.002578448363331,
      1.0020649099508128,
      1.0016533096257083,
      1.0013235344684945,
      1.0010593963935137,
      1.0008478818203628,
      1.0006785392075987,
      1.000542981141295,
      1.00043448085863,
      1.0003476461379572,
      1.0002781562625562,
      1.000222550207499,
      1.0001780562985458,
      1.0001424553668303,
      1.000113970905001,
      1.0000911809562147,
      1.0000729474740138,
      1.0000583597132156
    ],
    "usd_debt_service": [
      0.009965975768864155,
      0.007972804829478264,
      0.006378220394253731,
      0.005102583672851324,
      0.004082059487700462,
      0.003265639301389456,
      0.0026125353761017323,
      0.0020900361705571413,
      0.001672005164436996,
      0.0013376119313761592,
      0.0010701052378863096,
      0.0008560605929233134,
      0.0006848644115962088,
      0.0005478835082612932,
      0.00043830712093040347,
      0.00035062935785390437,
      0.00028053534333594143,
      0.00022442072804551572,
      0.00017951261543203145,
      0.00014363373338710517
    ]
  },
  "quintiles": {
    "Q1": {
      "real_consumption": [
        1.3441519737243652,
        1.3458720445632935,
        1.3519190549850464,
        1.3486205339431763,
        1.3533413410186768,
        1.3536632061004639,
        1.3519150018692017,
        1.3500977754592896,
        1.3511443138122559,
        1.3546446561813354,
        1.3521143198013306,
        1.352073311805725,
        1.3495985269546509,
        1.352837085723877,
        1.3505337238311768,
        1.3522653579711914,
        1.352340579032898,
        1.352574348449707,
        1.3516976833343506,
        1.3507527112960815
      ],
      "cpi": [
        1.002945870176564,
        1.0023605099265174,
        1.0018908621331095,
        1.0015142672972628,
        1.0012124270588527,
        1.0009705919435627,
        1.0007768906885768,
        1.0006217800015995,
        1.0004975954189057,
        1.0003981861702829,
        1.0003186192963287,
        1.0002549405011687,
        1.000203981259208,
        1.0001632034854995,
        1.0001305746189337,
        1.000104467269009,
        1.0000835786636675,
        1.0000668660345575,
        1.0000534948142767,
        1.0000427971230248
      ]
    },
    "Q2": {
      "real_consumption": [
        1.344780445098877,
        1.349398136138916,
        1.3492674827575684,
        1.348585605621338,
        1.3502740859985352,
        1.3500946760177612,
        1.350352168083191,
        1.3523341417312622,
        1.3525042533874512,
        1.3515188694000244,
        1.3515772819519043,
        1.3510113954544067,
        1.3504616022109985,
        1.3536254167556763,
        1.3477636575698853,
        1.352084994316101,
        1.3525773286819458,
        1.3533220291137695,
        1.354430079460144,
        1.353318691253662
      ],
      "cpi": [
        1.0037492893156268,
        1.0030042853610222,
        1.0024065518057759,
        1.0019272492874254,
        1.0015430889839945,
        1.0012352988372615,
        1.0009887699672797,
        1.000791356365672,
        1.0006333032604255,
        1.0005067823985418,
        1.0004055154680547,
        1.0003244697287603,
        1.0002596125117191,
        1.0002077135269993,
        1.0001661858786428,
        1.000132958342375,
        1.0001063728446677,
        1.0000851022258004,
        1.0000680843090795,
        1.000054469065668
      ]
    },
    "Q3": {
      "real_consumption": [
        1.3497076034545898,
        1.3522377014160156,
        1.3529725074768066,
        1.3551350831985474,
        1.3556969165802002,
        1.3574161529541016,
        1.3508810997009277,
        1.3568305969238281,
        1.3535583019256592,
        1.3574844598770142,
        1.3558028936386108,
        1.3594589233398438,
        1.3563427925109863,
        1.354905366897583,
        1.3575894832611084,
        1.3559857606887817,
        1.354673981666565,
        1.3590384721755981,
        1.3579192161560059,
        1.3554553985595703
      ],
      "cpi": [
        1.004284902075002,
        1.0034334689840252,
        1.0027503449208865,
        1.0022025706142004,
        1.0017635302674222,
        1.0014117700997274,
        1.0011300228197482,
        1.0009044072750537,
        1.000723775154772,
        1.0005791798840478,
        1.0004634462492055,
        1.0003708225471544,
        1.0002967000133933,
        1.0002373868879992,
        1.0001899267184489,
        1.0001519523912856,
        1.0001215689653344,
        1.0000972596866289,
        1.000077810638948,
        1.0000622503607632
      ]
    },
    "Q4": {
      "real_consumption": [
        1.358414649963379,
        1.3681803941726685,
        1.3714443445205688,
        1.3687156438827515,
        1.3690862655639648,
        1.3697947263717651,
        1.3735594749450684,
        1.3707785606384277,
        1.372167944908142,
        1.3736425638198853,
        1.369627833366394,
        1.3687607049942017,
        1.3727598190307617,
        1.37330162525177,
        1.3732242584228516,
        1.3749279975891113,
        1.3715674877166748,
        1.372396469116211,
        1.3714667558670044,
        1.3722822666168213
      ],
      "cpi": [
        1.0037492893156268,
        1.0030042853610222,
        1.0024065518057759,
        1.0019272492874254,
        1.0015430889839945,
        1.0012352988372615,
        1.0009887699672797,
        1.000791356365672,
        1.0006333032604255,
        1.0005067823985418,
        1.0004055154680547,
        1.0003244697287603,
        1.0002596125117191,
        1.0002077135269993,
        1.0001661858786428,
        1.000132958342375,
        1.0001063728446677,
        1.0000851022258004,
        1.0000680843090795,
        1.000054469065668
      ]
    },
    "Q5": {
      "real_consumption": [
        1.37409508228302,
        1.3774566650390625,
        1.3767633438110352,
        1.3790644407272339,
        1.3805791139602661,
        1.381520390510559,
        1.3819928169250488,
        1.3818862438201904,
        1.383103847503662,
        1.3794976472854614,
        1.3796970844268799,
        1.3845597505569458,
        1.3805694580078125,
        1.3839221000671387,
        1.3856695890426636,
        1.381157636642456,
        1.3837742805480957,
        1.3820276260375977,
        1.3805832862854004,
        1.3820892572402954
      ],