{
  "mean_liquid": 24.969852447509766,
  "mean_illiquid": 100.10179901123047,
  "mean_consumption": 1.0648621320724487,
  "mean_income": 1.8516604900360107,
  "mpc_approx": 0.7358826994895935
}