{
  "mean_consumption": 1.4870119121670724,
  "mean_liquid": 49.747945594787595,
  "mean_illiquid": 176.49992462158204,
  "mean_mortgage": 0.0,
  "mean_income": 2.3581805449724196,
  "homeownership_rate": 0.0004715000031865202,
  "location_distribution": [
    0.045582499355077744,
    0.03932647407054901,
    0.04244998097419739,
    0.03833548352122307,
    0.03946799784898758,
    0.0382089801132679,
    0.03691449761390686,
    0.041583482176065445,
    0.0375179760158062,
    0.03836548700928688,
    0.04055247828364372,
    0.03648697957396507,
    0.03639349341392517,
    0.03628447651863098,
    0.03598598390817642,
    0.03850599378347397,
    0.038695987313985825,
    0.03809797763824463,
    0.03866298496723175,
    0.0392179898917675,
    0.04043199121952057,
    0.034660499542951584,
    0.038109492510557175,
    0.03541399538516998,
    0.03758899122476578,
    0.037157490849494934
  ],
  "mpc_approx": 0.6305759392924107
}